{"hearing": {}, "vision": {"prey": {"x": 29.517650213905128, "y": 6.916932790540542}, "predator": {"x": 14.678018418792306, "y": 27.031168900130808}}}